test_name,sample_time,rpm_l,rpm_r,v_l_mps,v_r_mps,distance
Test 1: 0.1m forward,0.05006074905395508,0,0,0.0,0.0,0.0
Test 1: 0.1m forward,0.10361003875732422,0,0,0.0,0.0,0.0
Test 1: 0.1m forward,0.1547234058380127,0,0,0.0,0.0,0.0
Test 1: 0.1m forward,0.20582914352416992,3,-4,0.01005309649148734,-0.013404128655316452,0.0005993993975988427
Test 1: 0.1m forward,0.2569446563720703,3,-4,0.01005309649148734,-0.013404128655316452,0.0011989134442826133
Test 1: 0.1m forward,0.30804944038391113,10,-12,0.033510321638291124,-0.04021238596594936,0.003082704968724016
Test 1: 0.1m forward,0.3591587543487549,10,-12,0.033510321638291124,-0.04021238596594936,0.004966663473365766
Test 1: 0.1m forward,0.410261869430542,18,-21,0.06031857894892403,-0.07037167544041137,0.008306003028428887
Test 1: 0.1m forward,0.46136903762817383,18,-21,0.06031857894892403,-0.07037167544041137,0.011645607434862416
Test 1: 0.1m forward,0.5124731063842773,26,-30,0.08712683625955693,-0.10053096491487339,0.01644064602178106
Test 1: 0.1m forward,0.5635790824890137,26,-30,0.08712683625955693,-0.10053096491487339,0.021235863573124958
Test 1: 0.1m forward,0.6146845817565918,34,-38,0.11393509357018984,-0.12733922222550628,0.02740108575771614
Test 1: 0.1m forward,0.6657872200012207,34,-38,0.11393509357018984,-0.12733922222550628,0.033565962796630044
Test 1: 0.1m forward,0.7168893814086914,42,-46,0.14074335088082274,-0.1541474795361392,0.04110074220340537
Test 1: 0.1m forward,0.7679970264434814,42,-46,0.14074335088082274,-0.1541474795361392,0.04863633014588765
Test 1: 0.1m forward,0.8191194534301758,49,-53,0.16420057602762653,-0.17760470468294298,0.057373287899283976
Test 1: 0.1m forward,0.870521068572998,49,-53,0.16420057602762653,-0.17760470468294298,0.0661579596457185
Test 1: 0.1m forward,0.9216291904449463,54,-59,0.1809557368467721,-0.19771089766591765,0.07583442989847601
Test 1: 0.1m forward,0.9727637767791748,54,-59,0.1809557368467721,-0.19771089766591765,0.08551591075566646
Test 1: 0.1m forward,1.024021863937378,55,-59,0.1843067690106012,-0.19771089766591765,0.09530665818290565
Test 1: 0.1m forward,1.0751473903656006,55,-59,0.1843067690106012,-0.19771089766591765,0.10507208533976481
Test 1: 0.1m forward,1.126265048980713,51,-54,0.17090264035528474,-0.1809557368467721,0.11406517354310589
Test 2: 0.2m forward,0.050066232681274414,0,0,0.0,0.0,0.0
Test 2: 0.2m forward,0.10355019569396973,0,0,0.0,0.0,0.0
Test 2: 0.2m forward,0.15466046333312988,0,0,0.0,0.0,0.0
Test 2: 0.2m forward,0.20576167106628418,3,-4,0.01005309649148734,-0.013404128655316452,0.0005993462675350956
Test 2: 0.2m forward,0.2568659782409668,3,-4,0.01005309649148734,-0.013404128655316452,0.0011987288872190708
Test 2: 0.2m forward,0.3079700469970703,9,-11,0.030159289474462014,-0.03686135380212024,0.002911242668261444
Test 2: 0.2m forward,0.35907530784606934,9,-11,0.030159289474462014,-0.03686135380212024,0.004623796396720168
Test 2: 0.2m forward,0.41017866134643555,17,-21,0.05696754678509492,-0.07037167544041137,0.007877527040646037
Test 2: 0.2m forward,0.4612851142883301,17,-21,0.05696754678509492,-0.07037167544041137,0.011131455024808681
Test 2: 0.2m forward,0.5124003887176514,25,-30,0.08377580409572782,-0.10053096491487339,0.015841900563387887
Test 2: 0.2m forward,0.5635049343109131,25,-30,0.08377580409572782,-0.10053096491487339,0.0205513574034124
Test 2: 0.2m forward,0.6146082878112793,33,-38,0.11058406140636073,-0.12733922222550628,0.026630696238115998
Test 2: 0.2m forward,0.6657118797302246,33,-38,0.11058406140636073,-0.12733922222550628,0.0327100634354852
Test 2: 0.2m forward,0.7168147563934326,41,-46,0.13739231871699362,-0.1541474795361392,0.0401593246117584
Test 2: 0.2m forward,0.7679166793823242,41,-46,0.13739231871699362,-0.1541474795361392,0.04760844677102269
Test 2: 0.2m forward,0.819033145904541,48,-53,0.16084954386379743,-0.17760470468294298,0.05625873940359344
Test 2: 0.2m forward,0.8704895973205566,48,-53,0.16084954386379743,-0.17760470468294298,0.06496656670203815
Test 2: 0.2m forward,0.9216163158416748,54,-59,0.1809557368467721,-0.19771089766591765,0.07464655792007287
Test 2: 0.2m forward,0.9727363586425781,54,-59,0.1809557368467721,-0.19771089766591765,0.08432528520185423
Test 2: 0.2m forward,1.0257318019866943,56,-60,0.18765780117443032,-0.20106192982974677,0.09462547244244021
Test 2: 0.2m forward,1.0768349170684814,56,-60,0.18765780117443032,-0.20106192982974677,0.10455786701647411
Test 2: 0.2m forward,1.1279432773590088,54,-56,0.1809557368467721,-0.18765780117443032,0.11397748377105092
Test 2: 0.2m forward,1.1790521144866943,54,-56,0.1809557368467721,-0.18765780117443032,0.12339718840994371
Test 2: 0.2m forward,1.2301816940307617,50,-51,0.16755160819145565,-0.17090264035528474,0.13204970012149275
Test 2: 0.2m forward,1.281292200088501,50,-51,0.16755160819145565,-0.17090264035528474,0.14069898408180062
Test 2: 0.2m forward,1.3324017524719238,46,-47,0.1541474795361392,-0.1574985116999683,0.1486630276388834
Test 2: 0.2m forward,1.3835124969482422,46,-47,0.1541474795361392,-0.1574985116999683,0.15662725695145222
Test 2: 0.2m forward,1.4347131252288818,43,-44,0.14409438304465186,-0.14744541520848095,0.16409076737113787
Test 2: 0.2m forward,1.4858336448669434,43,-44,0.14409438304465186,-0.14744541520848095,0.17154260036207575
Test 2: 0.2m forward,1.5369465351104736,41,-42,0.13739231871699362,-0.14074335088082274,0.17865075933855773
Test 2: 0.2m forward,1.5880601406097412,41,-42,0.13739231871699362,-0.14074335088082274,0.18575901778410644
Test 2: 0.2m forward,1.6391704082489014,41,-43,0.13739231871699362,-0.14409438304465186,0.19295244811605752
Test 2: 0.2m forward,1.690279245376587,41,-43,0.13739231871699362,-0.14409438304465186,0.2001456771130302
Test 2: 0.2m forward,1.741407871246338,43,-44,0.14409438304465186,-0.14744541520848095,0.20759869174854376
Test 2: 0.2m forward,1.7925219535827637,43,-44,0.14409438304465186,-0.14744541520848095,0.21504958637467156
Test 2: 0.2m forward,1.8436739444732666,45,-46,0.15079644737231007,-0.1541474795361392,0.22284883086033916
Test 3: 0.3m forward,0.05006265640258789,0,0,0.0,0.0,0.0
Test 3: 0.3m forward,0.10359573364257812,0,0,0.0,0.0,0.0
Test 3: 0.3m forward,0.15471220016479492,0,0,0.0,0.0,0.0
Test 3: 0.3m forward,0.20583796501159668,4,-3,0.013404128655316452,-0.01005309649148734,0.0005996342884069877
Test 3: 0.3m forward,0.2569565773010254,4,-3,0.013404128655316452,-0.01005309649148734,0.0011991846872396379
Test 3: 0.3m forward,0.30807065963745117,10,-11,0.033510321638291124,-0.03686135380212024,0.0029976764935463474
Test 3: 0.3m forward,0.3591763973236084,10,-11,0.033510321638291124,-0.03686135380212024,0.004795874686342875
Test 3: 0.3m forward,0.4102811813354492,19,-20,0.06366961111275314,-0.06702064327658225,0.008135323297852635
Test 3: 0.3m forward,0.4613840579986572,19,-20,0.06366961111275314,-0.06702064327658225,0.011474647273423379
Test 3: 0.3m forward,0.5124871730804443,28,-29,0.09382890058721516,-0.09717993275104428,0.01635522046928486
Test 3: 0.3m forward,0.563593864440918,28,-29,0.09382890058721516,-0.09717993275104428,0.021236135215556146
Test 3: 0.3m forward,0.6146996021270752,36,-38,0.12063715789784805,-0.12733922222550628,0.027572643133029623
Test 3: 0.3m forward,0.6658012866973877,36,-38,0.12063715789784805,-0.12733922222550628,0.0339086485120054
Test 3: 0.3m forward,0.7169044017791748,43,-46,0.14409438304465186,-0.1541474795361392,0.041529192624841754
Test 3: 0.3m forward,0.7680084705352783,43,-46,0.14409438304465186,-0.1541474795361392,0.049149878950480314
Test 3: 0.3m forward,0.8190932273864746,50,-53,0.16755160819145565,-0.17760470468294298,0.05796599210990236
Test 3: 0.3m forward,0.8702762126922607,50,-53,0.16755160819145565,-0.17760470468294298,0.0667990573549272
Test 3: 0.3m forward,0.9214022159576416,56,-58,0.18765780117443032,-0.19435986550208856,0.07656457559189564
Test 3: 0.3m forward,0.9725034236907959,56,-58,0.18765780117443032,-0.19435986550208856,0.08632535766318149
Test 3: 0.3m forward,1.0258386135101318,56,-59,0.18765780117443032,-0.19771089766591765,0.09660221401472172
Test 3: 0.3m forward,1.0769407749176025,56,-59,0.18765780117443032,-0.19771089766591765,0.10644880073948493
Test 3: 0.3m forward,1.1280462741851807,54,-56,0.1809557368467721,-0.18765780117443032,0.1158678901881659
Test 3: 0.3m forward,1.179149866104126,54,-56,0.1809557368467721,-0.18765780117443032,0.125286628099583
Test 3: 0.3m forward,1.2302525043487549,50,-51,0.16755160819145565,-0.17090264035528474,0.13393458061250388
Test 3: 0.3m forward,1.2813546657562256,50,-51,0.16755160819145565,-0.17090264035528474,0.14258245243164375
Test 3: 0.3m forward,1.332458734512329,46,-46,0.1541474795361392,-0.1541474795361392,0.15046001582443866
Test 3: 0.3m forward,1.3835725784301758,46,-46,0.1541474795361392,-0.1541474795361392,0.15833908603377833
Test 3: 0.3m forward,1.4346802234649658,43,-43,0.14409438304465186,-0.14409438304465186,0.16570341061393146
Test 3: 0.3m forward,1.485790729522705,43,-43,0.14409438304465186,-0.14409438304465186,0.17306814745142135
Test 3: 0.3m forward,1.5368952751159668,42,-42,0.14074335088082274,-0.14074335088082274,0.18026077244345878
Test 3: 0.3m forward,1.587998390197754,42,-42,0.14074335088082274,-0.14074335088082274,0.1874531961005178
Test 3: 0.3m forward,1.6391010284423828,42,-43,0.14074335088082274,-0.14409438304465186,0.1947311759381245
Test 3: 0.3m forward,1.69020414352417,42,-43,0.14074335088082274,-0.14409438304465186,0.202009223686339
Test 3: 0.3m forward,1.741307020187378,44,-45,0.14744541520848095,-0.15079644737231007,0.2096297322459748
Test 3: 0.3m forward,1.792410135269165,44,-45,0.14744541520848095,-0.15079644737231007,0.21725027635881117
Test 3: 0.3m forward,1.843522071838379,46,-48,0.1541474795361392,-0.16084954386379743,0.22530033029856553
Test 3: 0.3m forward,1.8946516513824463,46,-48,0.1541474795361392,-0.16084954386379743,0.23335316298060127
Test 3: 0.3m forward,1.9480018615722656,50,-52,0.16755160819145565,-0.17425367251911386,0.2424708547655508
Test 3: 0.3m forward,1.9991116523742676,50,-52,0.16755160819145565,-0.17425367251911386,0.2512056529616192
Test 3: 0.3m forward,2.050215721130371,54,-55,0.1809557368467721,-0.1843067690106012,0.2605388530683001
Test 3: 0.3m forward,2.101318359375,57,-58,0.19100883333825944,-0.19435986550208856,0.2703855316721209
Test 3: 0.3m forward,2.152426242828369,57,-58,0.19100883333825944,-0.19435986550208856,0.28023322094557546
Test 3: 0.3m forward,2.203537940979004,59,-60,0.19771089766591765,-0.20106192982974677,0.29042419914039225
Test 3: 0.3m forward,2.254650831222534,59,-60,0.19771089766591765,-0.20106192982974677,0.3006154150223363
Test 3: 0.3m forward,2.3057570457458496,59,-59,0.19771089766591765,-0.19771089766591765,0.31071967057204797
Test 3: 0.3m forward,2.3568778038024902,59,-59,0.19771089766591765,-0.19771089766591765,0.32082680153678855
Test 4: 0.4m forward,0.05006051063537598,0,0,0.0,0.0,0.0
Test 4: 0.4m forward,0.10356736183166504,0,0,0.0,0.0,0.0
Test 4: 0.4m forward,0.15469026565551758,0,0,0.0,0.0,0.0
Test 4: 0.4m forward,0.2058253288269043,4,-3,0.013404128655316452,-0.01005309649148734,0.0005997433448536265
Test 4: 0.4m forward,0.25694918632507324,4,-3,0.013404128655316452,-0.01005309649148734,0.0011993552627074574
Test 4: 0.4m forward,0.308058500289917,11,-11,0.03686135380212024,-0.03686135380212024,0.0030833137673492075
Test 4: 0.4m forward,0.359163761138916,11,-11,0.03686135380212024,-0.03686135380212024,0.004967122868653804
Test 4: 0.4m forward,0.4102659225463867,19,-20,0.06366961111275314,-0.06702064327658225,0.008306400105747416
Test 4: 0.4m forward,0.4613678455352783,19,-20,0.06366961111275314,-0.06702064327658225,0.011645661763348652
Test 4: 0.4m forward,0.5124726295471191,27,-29,0.09047786842338605,-0.09717993275104428,0.016440767461926766
Test 4: 0.4m forward,0.5635817050933838,27,-29,0.09047786842338605,-0.09717993275104428,0.021236275830461702
Test 4: 0.4m forward,0.6146843433380127,35,-38,0.11728612573401896,-0.12733922222550628,0.027486776161582745
Test 4: 0.4m forward,0.6657867431640625,35,-38,0.11728612573401896,-0.12733922222550628,0.033737247331089855
Test 4: 0.4m forward,0.7168905735015869,43,-46,0.14409438304465186,-0.1541474795361392,0.041357898103527864
Test 4: 0.4m forward,0.7680027484893799,43,-46,0.14409438304465186,-0.1541474795361392,0.04897979323798521
Test 4: 0.4m forward,0.8191328048706055,50,-53,0.16755160819145565,-0.17760470468294298,0.05780372410678718
Test 4: 0.4m forward,0.8707027435302734,50,-53,0.16755160819145565,-0.17760470468294298,0.06670356904825213
Test 4: 0.4m forward,0.9218356609344482,56,-60,0.18765780117443032,-0.20106192982974677,0.07664175599765695
Test 4: 0.4m forward,0.9729688167572021,56,-60,0.18765780117443032,-0.20106192982974677,0.08657998928606474
Test 4: 0.4m forward,1.0257916450500488,56,-61,0.18765780117443032,-0.20441296199357586,0.09693513258679921
Test 4: 0.4m forward,1.0768887996673584,56,-61,0.18765780117443032,-0.20441296199357586,0.1069519827900603
Test 4: 0.4m forward,1.1280064582824707,53,-57,0.17760470468294298,-0.19100883333825944,0.11637331328879857
Test 4: 0.4m forward,1.1791341304779053,53,-57,0.17760470468294298,-0.19100883333825944,0.12579648935817228
Test 4: 0.4m forward,1.230240821838379,49,-52,0.16420057602762653,-0.17425367251911386,0.13444512776823192
Test 4: 0.4m forward,1.2813491821289062,49,-52,0.16420057602762653,-0.17425367251911386,0.14309404860652516
Test 4: 0.4m forward,1.3324534893035889,45,-47,0.15079644737231007,-0.1574985116999683,0.15097164875094313
Test 4: 0.4m forward,1.3835620880126953,45,-47,0.15079644737231007,-0.1574985116999683,0.15884991042457586
Test 4: 0.4m forward,1.4346678256988525,42,-43,0.14074335088082274,-0.14409438304465186,0.16612833168113322
Test 4: 0.4m forward,1.4857814311981201,42,-43,0.14074335088082274,-0.14409438304465186,0.17340787346271924
Test 4: 0.4m forward,1.5368874073028564,41,-42,0.13739231871699362,-0.14074335088082274,0.18051507090488966
Test 4: 0.4m forward,1.5879909992218018,41,-42,0.13739231871699362,-0.14074335088082274,0.18762193678350436
Test 4: 0.4m forward,1.6390938758850098,41,-42,0.13739231871699362,-0.14074335088082274,0.19472870319305235
Test 4: 0.4m forward,1.6902012825012207,41,-42,0.13739231871699362,-0.14074335088082274,0.20183609957335621
Test 4: 0.4m forward,1.7413082122802734,43,-44,0.14409438304465186,-0.14744541520848095,0.20928595157191723
Test 4: 0.4m forward,1.7924296855926514,43,-44,0.14409438304465186,-0.14744541520848095,0.21673792357986402
Test 4: 0.4m forward,1.8435442447662354,47,-47,0.1574985116999683,-0.1574985116999683,0.22478839057590347
Test 4: 0.4m forward,1.8946857452392578,47,-47,0.1574985116999683,-0.1574985116999683,0.23284310078650772
Test 4: 0.4m forward,1.9480431079864502,51,-52,0.17090264035528474,-0.17425367251911386,0.24205141608176908
Test 4: 0.4m forward,1.9991624355316162,51,-52,0.17090264035528474,-0.17425367251911386,0.25087349538782316
Test 4: 0.4m forward,2.0502724647521973,55,-56,0.1843067690106012,-0.18765780117443032,0.2603790554134121
Test 4: 0.4m forward,2.101393699645996,58,-59,0.19435986550208856,-0.19771089766591765,0.2704006262028634
Test 4: 0.4m forward,2.1525309085845947,58,-59,0.19435986550208856,-0.19771089766591765,0.2804253284702825
Test 4: 0.4m forward,2.203650712966919,59,-60,0.19771089766591765,-0.20106192982974677,0.29061792293756483
Test 4: 0.4m forward,2.254769802093506,59,-60,0.19771089766591765,-0.20106192982974677,0.3008103747925708
Test 4: 0.4m forward,2.3058784008026123,60,-60,0.20106192982974677,-0.20106192982974677,0.3110863682799178
Test 4: 0.4m forward,2.3569936752319336,60,-60,0.20106192982974677,-0.20106192982974677,0.3213637040004543
Test 4: 0.4m forward,2.4081058502197266,59,-60,0.19771089766591765,-0.20106192982974677,0.33155477727012195
Test 4: 0.4m forward,2.459212064743042,59,-60,0.19771089766591765,-0.20106192982974677,0.3417446621041532
Test 4: 0.4m forward,2.5103273391723633,58,-58,0.19435986550208856,-0.19435986550208856,0.3516794199673384
Test 4: 0.4m forward,2.561432361602783,58,-58,0.19435986550208856,-0.19435986550208856,0.36161218525339606
Test 4: 0.4m forward,2.612535238265991,57,-57,0.19100883333825944,-0.19100883333825944,0.37137328610506437
Test 4: 0.4m forward,2.66363787651062,57,-57,0.19100883333825944,-0.19100883333825944,0.38113434141667807
Test 4: 0.4m forward,2.7147417068481445,56,-56,0.18765780117443032,-0.18765780117443032,0.39072437384940906
Test 4: 0.4m forward,2.765852212905884,56,-56,0.18765780117443032,-0.18765780117443032,0.40031565903311683
Test 4: 0.4m forward,2.817682981491089,54,-55,0.1809557368467721,-0.1843067690106012,0.4097815772400896
Test 5: 0.5m forward,0.05006861686706543,0,0,0.0,0.0,0.0
Test 5: 0.5m forward,0.10352396965026855,0,0,0.0,0.0,0.0
Test 5: 0.5m forward,0.1546475887298584,0,0,0.0,0.0,0.0
Test 5: 0.5m forward,0.2057633399963379,4,-3,0.013404128655316452,-0.01005309649148734,0.0005995168430029152
Test 5: 0.5m forward,0.25687575340270996,4,-3,0.013404128655316452,-0.01005309649148734,0.0011989945375378063
Test 5: 0.5m forward,0.3079807758331299,11,-11,0.03686135380212024,-0.03686135380212024,0.003082794850410806
Test 5: 0.5m forward,0.35908961296081543,11,-11,0.03686135380212024,-0.03686135380212024,0.004966735778189362
Test 5: 0.5m forward,0.4102060794830322,20,-19,0.06702064327658225,-0.06366961111275314,0.008306947784825592
Test 5: 0.5m forward,0.46132493019104004,20,-19,0.06702064327658225,-0.06366961111275314,0.011647315586385591
Test 5: 0.5m forward,0.5124385356903076,28,-28,0.09382890058721516,-0.09382890058721516,0.016443248995430503
Test 5: 0.5m forward,0.5635533332824707,28,-28,0.09382890058721516,-0.09382890058721516,0.0212392942572412
Test 5: 0.5m forward,0.614703893661499,37,-37,0.12398819006167718,-0.12398819006167718,0.02758135965927746
Test 5: 0.5m forward,0.6658179759979248,37,-37,0.12398819006167718,-0.12398819006167718,0.033918902214834436
Test 5: 0.5m forward,0.7169234752655029,44,-45,0.14744541520848095,-0.15079644737231007,0.04153980185967631
Test 5: 0.5m forward,0.7680366039276123,44,-45,0.14744541520848095,-0.15079644737231007,0.04916183920693587
Test 5: 0.5m forward,0.8191733360290527,51,-52,0.17090264035528474,-0.17425367251911386,0.05798692215922541
Test 5: 0.5m forward,0.8703749179840088,51,-52,0.17090264035528474,-0.17425367251911386,0.06682319677967989
Test 5: 0.5m forward,0.9215075969696045,58,-58,0.19435986550208856,-0.19435986550208856,0.07676133739008174
Test 5: 0.5m forward,0.9726316928863525,58,-58,0.19435986550208856,-0.19435986550208856,0.08669780979637677
Test 5: 0.5m forward,1.0257723331451416,58,-59,0.19435986550208856,-0.19771089766591765,0.09711525548712673
Test 5: 0.5m forward,1.0768766403198242,58,-59,0.19435986550208856,-0.19771089766591765,0.10713350784470174
Test 5: 0.5m forward,1.1279840469360352,55,-56,0.1843067690106012,-0.18765780117443032,0.116638580112337
Test 5: 0.5m forward,1.1791105270385742,55,-56,0.1843067690106012,-0.18765780117443032,0.12614719971054425
Test 5: 0.5m forward,1.2302181720733643,50,-51,0.16755160819145565,-0.17090264035528474,0.13479599950816595
Test 5: 0.5m forward,1.2813262939453125,50,-51,0.16755160819145565,-0.17090264035528474,0.14344487999956868
Test 5: 0.5m forward,1.3324294090270996,46,-47,0.1541474795361392,-0.1574985116999683,0.1514079204770269
Test 5: 0.5m forward,1.3835315704345703,46,-47,0.1541474795361392,-0.1574985116999683,0.15937081235009629
Test 5: 0.5m forward,1.434638261795044,43,-44,0.14409438304465186,-0.14744541520848095,0.16682062959440508
Test 5: 0.5m forward,1.4857542514801025,43,-44,0.14409438304465186,-0.14744541520848095,0.1742718022545507
Test 5: 0.5m forward,1.536862850189209,42,-42,0.14074335088082274,-0.14074335088082274,0.18146499769569363
Test 5: 0.5m forward,1.587965488433838,42,-42,0.14074335088082274,-0.14074335088082274,0.1886573542410932
Test 5: 0.5m forward,1.6390697956085205,41,-42,0.13739231871699362,-0.14074335088082274,0.19576431958877463
Test 5: 0.5m forward,1.6901867389678955,41,-42,0.13739231871699362,-0.14074335088082274,0.20287304222330135
Test 5: 0.5m forward,1.7412924766540527,43,-44,0.14409438304465186,-0.14744541520848095,0.21032272045060124
Test 5: 0.5m forward,1.7924001216888428,43,-44,0.14409438304465186,-0.14744541520848095,0.21777267671191894
Test 5: 0.5m forward,1.843512773513794,46,-47,0.1541474795361392,-0.1574985116999683,0.2257372032332654
Test 5: 0.5m forward,1.8946521282196045,46,-47,0.1541474795361392,-0.1574985116999683,0.23370589067749903
Test 5: 0.5m forward,1.9479608535766602,50,-51,0.16755160819145565,-0.17090264035528474,0.24272717296835244
Test 5: 0.5m forward,1.999074935913086,50,-51,0.16755160819145565,-0.17090264035528474,0.25137706213201805
Test 5: 0.5m forward,2.0501856803894043,54,-55,0.1809557368467721,-0.1843067690106012,0.26071148143384604
Test 5: 0.5m forward,2.1013076305389404,57,-58,0.19100883333825944,-0.19435986550208856,0.27056188113949997
Test 5: 0.5m forward,2.1524317264556885,57,-58,0.19100883333825944,-0.19435986550208856,0.28041269430091315
Test 5: 0.5m forward,2.203557252883911,59,-60,0.19771089766591765,-0.20106192982974677,0.2906064296664065
Test 5: 0.5m forward,2.2546639442443848,59,-60,0.19771089766591765,-0.20106192982974677,0.30079640957528864
Test 5: 0.5m forward,2.305772066116333,60,-61,0.20106192982974677,-0.20441296199357586,0.31115793966894933
Test 5: 0.5m forward,2.356876850128174,60,-61,0.20106192982974677,-0.20441296199357586,0.32151879305337705
Test 5: 0.5m forward,2.407996416091919,60,-60,0.20106192982974677,-0.20106192982974677,0.33179699163810666
Test 5: 0.5m forward,2.459111213684082,60,-60,0.20106192982974677,-0.20106192982974677,0.3420742314848439
Test 5: 0.5m forward,2.5102150440216064,59,-59,0.19771089766591765,-0.19771089766591765,0.3521780156550426
Test 5: 0.5m forward,2.5613181591033936,59,-59,0.19771089766591765,-0.19771089766591765,0.36228165841138743
Test 5: 0.5m forward,2.6124277114868164,58,-58,0.19435986550208856,-0.19435986550208856,0.37221530413850146
Test 5: 0.5m forward,2.663539171218872,58,-58,0.19435986550208856,-0.19435986550208856,0.38214932057763923
Test 5: 0.5m forward,2.714658498764038,56,-57,0.18765780117443032,-0.19100883333825944,0.39182791243767917
Test 5: 0.5m forward,2.7657833099365234,56,-57,0.18765780117443032,-0.19100883333825944,0.40150754253107007
Test 5: 0.5m forward,2.8169069290161133,55,-56,0.1843067690106012,-0.18765780117443032,0.41101563002969155
Test 5: 0.5m forward,2.870177984237671,55,-56,0.1843067690106012,-0.18765780117443032,0.42092310260908644
Test 5: 0.5m forward,2.9212801456451416,56,-56,0.18765780117443032,-0.18765780117443032,0.43051282185407325
Test 5: 0.5m forward,2.9723920822143555,56,-56,0.18765780117443032,-0.18765780117443032,0.4401043754844189
Test 5: 0.5m forward,3.0235018730163574,56,-57,0.18765780117443032,-0.19100883333825944,0.4497811617212397
Test 5: 0.5m forward,3.074605703353882,56,-57,0.18765780117443032,-0.19100883333825944,0.45945681944354866
Test 5: 0.5m forward,3.125714063644409,57,-58,0.19100883333825944,-0.19435986550208856,0.4693046005960608
Test 5: 0.5m forward,3.1768288612365723,57,-58,0.19100883333825944,-0.19435986550208856,0.4791536221158506
Test 5: 0.5m forward,3.2278943061828613,59,-60,0.19771089766591765,-0.20106192982974677,0.48933537805012856
Test 5: 0.5m forward,3.2790040969848633,59,-60,0.19771089766591765,-0.20106192982974677,0.49952597594554166
Test 5: 0.5m forward,3.3301382064819336,60,-61,0.20106192982974677,-0.20441296199357586,0.5098927747039449
Test 6: 0.6m forward,0.05006217956542969,0,0,0.0,0.0,0.0
Test 6: 0.6m forward,0.10339665412902832,0,0,0.0,0.0,0.0
Test 6: 0.6m forward,0.15448570251464844,0,0,0.0,0.0,0.0
Test 6: 0.6m forward,0.20557785034179688,4,-3,0.013404128655316452,-0.01005309649148734,0.0005992400074076015
Test 6: 0.6m forward,0.25667786598205566,4,-3,0.013404128655316452,-0.01005309649148734,0.001198572293346974
Test 6: 0.6m forward,0.307783842086792,11,-10,0.03686135380212024,-0.033510321638291124,0.002996778875100936
Test 6: 0.6m forward,0.3589012622833252,11,-10,0.03686135380212024,-0.033510321638291124,0.004795388126811718
Test 6: 0.6m forward,0.410006046295166,20,-20,0.06702064327658225,-0.06702064327658225,0.008220463625796086
Test 6: 0.6m forward,0.46111392974853516,20,-20,0.06702064327658225,-0.06702064327658225,0.011645746851345479
Test 6: 0.6m forward,0.5122299194335938,29,-29,0.09717993275104428,-0.09717993275104428,0.016613195291442548
Test 6: 0.6m forward,0.5633463859558105,29,-29,0.09717993275104428,-0.09717993275104428,0.021580690070542582
Test 6: 0.6m forward,0.6144497394561768,37,-38,0.12398819006167718,-0.12733922222550628,0.028002526867764693
Test 6: 0.6m forward,0.6655519008636475,37,-38,0.12398819006167718,-0.12733922222550628,0.034424213862175486
Test 6: 0.6m forward,0.7166545391082764,44,-46,0.14744541520848095,-0.1541474795361392,0.04213031016081787
Test 6: 0.6m forward,0.7677567005157471,44,-46,0.14744541520848095,-0.1541474795361392,0.04983633455411082
Test 6: 0.6m forward,0.818873405456543,51,-53,0.17090264035528474,-0.17760470468294298,0.05874360811712044
Test 6: 0.6m forward,0.8701937198638916,51,-53,0.17090264035528474,-0.17760470468294298,0.06768636137743653
Test 6: 0.6m forward,0.9213206768035889,57,-59,0.19100883333825944,-0.19771089766591765,0.07762338985176716
Test 6: 0.6m forward,0.9724373817443848,57,-59,0.19100883333825944,-0.19771089766591765,0.08755842574897019
Test 6: 0.6m forward,1.0255706310272217,56,-60,0.18765780117443032,-0.20106192982974677,0.09788539693327131
Test 6: 0.6m forward,1.076671838760376,56,-60,0.18765780117443032,-0.20106192982974677,0.10781742079528146
Test 6: 0.6m forward,1.1277790069580078,53,-57,0.17760470468294298,-0.19100883333825944,0.11723681783906834
Test 6: 0.6m forward,1.178894281387329,53,-57,0.17760470468294298,-0.19100883333825944,0.12665770891622674
Test 6: 0.6m forward,1.2299976348876953,49,-51,0.16420057602762653,-0.17090264035528474,0.13522015797918954
Test 6: 0.6m forward,1.2811002731323242,49,-51,0.16420057602762653,-0.17090264035528474,0.1437824871999033
Test 6: 0.6m forward,1.3322064876556396,44,-46,0.14744541520848095,-0.1541474795361392,0.1514891227886664
Test 6: 0.6m forward,1.3833279609680176,44,-46,0.14744541520848095,-0.1541474795361392,0.15919805934861136
Test 6: 0.6m forward,1.4344491958618164,42,-43,0.14074335088082274,-0.14409438304465186,0.16647868769992213
Test 6: 0.6m forward,1.4855601787567139,42,-43,0.14074335088082274,-0.14409438304465186,0.1737578559731653
Test 6: 0.6m forward,1.5366652011871338,41,-42,0.13739231871699362,-0.14074335088082274,0.18086492078991342
Test 6: 0.6m forward,1.5877721309661865,41,-42,0.13739231871699362,-0.14074335088082274,0.18797225085750613
Test 6: 0.6m forward,1.638885498046875,42,-42,0.14074335088082274,-0.14074335088082274,0.19516611741524376
Test 6: 0.6m forward,1.689990758895874,42,-42,0.14074335088082274,-0.14074335088082274,0.2023588430747704
Test 6: 0.6m forward,1.7410964965820312,44,-45,0.14744541520848095,-0.15079644737231007,0.20997977827281283
Test 6: 0.6m forward,1.792198657989502,44,-45,0.14744541520848095,-0.15079644737231007,0.21760018017284696
Test 6: 0.6m forward,1.8433194160461426,48,-48,0.16084954386379743,-0.16084954386379743,0.22582293078822915
Test 6: 0.6m forward,1.8944475650787354,48,-48,0.16084954386379743,-0.16084954386379743,0.23404687023872195
Test 6: 0.6m forward,1.9477975368499756,51,-52,0.17090264035528474,-0.17425367251911386,0.24325391001297922
Test 6: 0.6m forward,1.9989101886749268,51,-52,0.17090264035528474,-0.17425367251911386,0.25207483723554575
Test 6: 0.6m forward,2.050016164779663,55,-56,0.1843067690106012,-0.18765780117443032,0.26157964345338813
Test 6: 0.6m forward,2.1011199951171875,58,-59,0.19435986550208856,-0.19771089766591765,0.2715978023340089
Test 6: 0.6m forward,2.152233123779297,58,-59,0.19435986550208856,-0.19771089766591765,0.28161778401523774
Test 6: 0.6m forward,2.203336715698242,59,-60,0.19771089766591765,-0.20106192982974677,0.29180714593758894
Test 6: 0.6m forward,2.2544467449188232,59,-60,0.19771089766591765,-0.20106192982974677,0.3019977913704275
Test 6: 0.6m forward,2.305562734603882,59,-60,0.19771089766591765,-0.20106192982974677,0.3121896252389025
Test 6: 0.6m forward,2.356680393218994,59,-60,0.19771089766591765,-0.20106192982974677,0.3223817918693557
Test 6: 0.6m forward,2.4077837467193604,59,-60,0.19771089766591765,-0.20106192982974677,0.3325711062542815
Test 6: 0.6m forward,2.4588892459869385,59,-60,0.19771089766591765,-0.20106192982974677,0.3427608484760364
Test 6: 0.6m forward,2.5100016593933105,58,-59,0.19435986550208856,-0.19771089766591765,0.35278068994183387
Test 6: 0.6m forward,2.561105489730835,58,-59,0.19435986550208856,-0.19771089766591765,0.3627988488224546
Test 6: 0.6m forward,2.612208604812622,57,-58,0.19100883333825944,-0.19435986550208856,0.372645619305333
Test 6: 0.6m forward,2.663311004638672,57,-58,0.19100883333825944,-0.19435986550208856,0.38249225196962505
Test 6: 0.6m forward,2.7144134044647217,56,-57,0.18765780117443032,-0.19100883333825944,0.3921676388484511
Test 6: 0.6m forward,2.765515089035034,56,-57,0.18765780117443032,-0.19100883333825944,0.40184289030553577
Test 6: 0.6m forward,2.816628932952881,56,-56,0.18765780117443032,-0.18765780117443032,0.4114348018647319
Test 6: 0.6m forward,2.8700003623962402,56,-56,0.18765780117443032,-0.18765780117443032,0.42145036695960897
Test 6: 0.6m forward,2.9211032390594482,56,-57,0.18765780117443032,-0.19100883333825944,0.431125844119596
Test 6: 0.6m forward,2.9722206592559814,56,-57,0.18765780117443032,-0.19100883333825944,0.44080407485499207
Test 6: 0.6m forward,3.0233256816864014,57,-57,0.19100883333825944,-0.19100883333825944,0.45056558556715215
Test 6: 0.6m forward,3.0744290351867676,57,-57,0.19100883333825944,-0.19100883333825944,0.46032677749892975
Test 6: 0.6m forward,3.125532388687134,58,-59,0.19435986550208856,-0.19771089766591765,0.47034484290259626
Test 6: 0.6m forward,3.176635265350342,58,-59,0.19435986550208856,-0.19771089766591765,0.4803628148293085
Test 6: 0.6m forward,3.2277371883392334,59,-60,0.19771089766591765,-0.20106192982974677,0.4905518439896815
Test 6: 0.6m forward,3.2788407802581787,59,-60,0.19771089766591765,-0.20106192982974677,0.5007412059120327
Test 6: 0.6m forward,3.3299450874328613,60,-61,0.20106192982974677,-0.20441296199357586,0.5111019626237129
Test 6: 0.6m forward,3.3810622692108154,60,-61,0.20106192982974677,-0.20441296199357586,0.5214653294995774
Test 6: 0.6m forward,3.432168483734131,61,-62,0.20441296199357586,-0.207763994157405,0.5319977314708869
Test 6: 0.6m forward,3.4832794666290283,61,-62,0.20441296199357586,-0.207763994157405,0.5425311161486388
Test 6: 0.6m forward,3.534383773803711,62,-63,0.207763994157405,-0.2111150263212341,0.553234377214424
Test 6: 0.6m forward,3.5854856967926025,62,-63,0.207763994157405,-0.2111150263212341,0.563937138937505
Test 6: 0.6m forward,3.636589527130127,63,-63,0.2111150263212341,-0.2111150263212341,0.5747259254243273
Test 6: 0.6m forward,3.68770432472229,63,-63,0.2111150263212341,-0.2111150263212341,0.5855170272634014
Test 6: 0.6m forward,3.738809108734131,63,-63,0.2111150263212341,-0.2111150263212341,0.5963060150852021
Test 6: 0.6m forward,3.7899162769317627,63,-63,0.2111150263212341,-0.2111150263212341,0.6070955062444489
Test 6: 0.6m forward,3.8410451412200928,63,-63,0.2111150263212341,-0.2111150263212341,0.6178895777744544
Test 7: 0.7m forward,0.05006051063537598,0,0,0.0,0.0,0.0
Test 7: 0.7m forward,0.10354447364807129,0,0,0.0,0.0,0.0
Test 7: 0.7m forward,0.15465569496154785,0,0,0.0,0.0,0.0
Test 7: 0.7m forward,0.20575785636901855,3,-4,0.01005309649148734,-0.013404128655316452,0.0005993574528116739
Test 7: 0.7m forward,0.2568635940551758,3,-4,0.01005309649148734,-0.013404128655316452,0.0011987568504105166
Test 7: 0.7m forward,0.3079667091369629,10,-11,0.033510321638291124,-0.03686135380212024,0.0029968627646752735
Test 7: 0.7m forward,0.3590719699859619,10,-11,0.033510321638291124,-0.03686135380212024,0.004795044179556934
Test 7: 0.7m forward,0.4101877212524414,19,-20,0.06366961111275314,-0.06702064327658225,0.008135209447716032
Test 7: 0.7m forward,0.46129655838012695,19,-20,0.06366961111275314,-0.06702064327658225,0.0114749229105962
Test 7: 0.7m forward,0.5124058723449707,28,-30,0.09382890058721516,-0.10053096491487339,0.016441722604651723
Test 7: 0.7m forward,0.5635194778442383,28,-30,0.09382890058721516,-0.10053096491487339,0.021408939349733952
Test 7: 0.7m forward,0.6146235466003418,36,-39,0.12063715789784805,-0.1306902543893354,0.02783086602864285
Test 7: 0.7m forward,0.6657264232635498,36,-39,0.12063715789784805,-0.1306902543893354,0.034252642904740435
Test 7: 0.7m forward,0.7168283462524414,44,-47,0.14744541520848095,-0.1574985116999683,0.042044253439143316
Test 7: 0.7m forward,0.7679333686828613,44,-47,0.14744541520848095,-0.1574985116999683,0.04983633655148163
Test 7: 0.7m forward,0.819049596786499,51,-54,0.17090264035528474,-0.1809557368467721,0.058829173086099695
Test 7: 0.7m forward,0.8702082633972168,51,-54,0.17090264035528474,-0.1809557368467721,0.0678294757928338
Test 7: 0.7m forward,0.9213323593139648,56,-59,0.18765780117443032,-0.19771089766591765,0.07768028895424697
Test 7: 0.7m forward,0.9724385738372803,56,-59,0.18765780117443032,-0.19771089766591765,0.08752765665099985
Test 7: 0.7m forward,1.0257291793823242,57,-60,0.19100883333825944,-0.20106192982974677,0.09797450084386512
Test 7: 0.7m forward,1.0768342018127441,57,-60,0.19100883333825944,-0.20106192982974677,0.10799289341687153
Test 7: 0.7m forward,1.1279475688934326,54,-56,0.1809557368467721,-0.18765780117443032,0.11741343295676605
Test 7: 0.7m forward,1.1790523529052734,54,-56,0.1809557368467721,-0.18765780117443032,0.12683239057897305
Test 7: 0.7m forward,1.2301559448242188,50,-51,0.16755160819145565,-0.17090264035528474,0.135480504479456
Test 7: 0.7m forward,1.2812588214874268,50,-51,0.16755160819145565,-0.17090264035528474,0.14412849733926741
Test 7: 0.7m forward,1.332362174987793,45,-46,0.15079644737231007,-0.1541474795361392,0.15192032598656358
Test 7: 0.7m forward,1.3834683895111084,45,-46,0.15079644737231007,-0.1541474795361392,0.1597125908596463
Test 7: 0.7m forward,1.434584140777588,43,-43,0.14409438304465186,-0.14409438304465186,0.16707808350225353
Test 7: 0.7m forward,1.4856934547424316,43,-43,0.14409438304465186,-0.14409438304465186,0.1744426485658531
Test 7: 0.7m forward,1.53680419921875,42,-42,0.14074335088082274,-0.14074335088082274,0.18163614600946365
Test 7: 0.7m forward,1.5879061222076416,42,-42,0.14074335088082274,-0.14074335088082274,0.18882840188737401
Test 7: 0.7m forward,1.6390087604522705,42,-42,0.14074335088082274,-0.14074335088082274,0.19602075843277358
Test 7: 0.7m forward,1.690110683441162,42,-42,0.14074335088082274,-0.14074335088082274,0.20321301431068395
Test 7: 0.7m forward,1.7412128448486328,44,-44,0.14744541520848095,-0.14744541520848095,0.21074779371745928
Test 7: 0.7m forward,1.7923145294189453,44,-44,0.14744541520848095,-0.14744541520848095,0.21828250281678183
Test 7: 0.7m forward,1.843425989151001,48,-48,0.16084954386379743,-0.16084954386379743,0.22650375780089582
Test 7: 0.7m forward,1.8945648670196533,48,-48,0.16084954386379743,-0.16084954386379743,0.234729422979775
Test 7: 0.7m forward,1.947918176651001,51,-52,0.17090264035528474,-0.17425367251911386,0.24393703879577605
Test 7: 0.7m forward,1.999021291732788,51,-52,0.17090264035528474,-0.17425367251911386,0.2527563201847889
Test 7: 0.7m forward,2.050133466720581,55,-56,0.1843067690106012,-0.18765780117443032,0.2622622792850671
Test 7: 0.7m forward,2.101236343383789,58,-58,0.19435986550208856,-0.19435986550208856,0.27219462752009804
Test 7: 0.7m forward,2.15234637260437,58,-58,0.19435986550208856,-0.19435986550208856,0.282128365925218
Test 7: 0.7m forward,2.2034494876861572,59,-60,0.19771089766591765,-0.20106192982974677,0.29231763277271827
Test 7: 0.7m forward,2.254551649093628,59,-60,0.19771089766591765,-0.20106192982974677,0.3025067094705167
Test 7: 0.7m forward,2.3056516647338867,59,-60,0.19771089766591765,-0.20106192982974677,0.31269535833148604
Test 7: 0.7m forward,2.356755256652832,59,-60,0.19771089766591765,-0.20106192982974677,0.32288472025383724
Test 7: 0.7m forward,2.407869338989258,59,-60,0.19771089766591765,-0.20106192982974677,0.3330761738229086
Test 7: 0.7m forward,2.458977460861206,59,-60,0.19771089766591765,-0.20106192982974677,0.3432664389563435
Test 7: 0.7m forward,2.5100834369659424,58,-59,0.19435986550208856,-0.19771089766591765,0.35328501848325844
Test 7: 0.7m forward,2.5611984729766846,58,-59,0.19435986550208856,-0.19771089766591765,0.36330537407230434
Test 7: 0.7m forward,2.6123013496398926,57,-58,0.19100883333825944,-0.19435986550208856,0.37315209861565396
Test 7: 0.7m forward,2.6634042263031006,57,-58,0.19100883333825944,-0.19435986550208856,0.3829988231590036
Test 7: 0.7m forward,2.714505672454834,57,-57,0.19100883333825944,-0.19100883333825944,0.3927596507703441
Test 7: 0.7m forward,2.765617847442627,57,-57,0.19100883333825944,-0.19100883333825944,0.40252252768414337
Test 7: 0.7m forward,2.8167200088500977,56,-56,0.18765780117443032,-0.18765780117443032,0.4121122469291302
Test 7: 0.7m forward,2.8700761795043945,56,-56,0.18765780117443032,-0.18765780117443032,0.4221249485932032
Test 7: 0.7m forward,2.921182870864868,56,-56,0.18765780117443032,-0.18765780117443032,0.4317155179192099
Test 7: 0.7m forward,2.9722893238067627,56,-56,0.18765780117443032,-0.18765780117443032,0.4413060425041103
Test 7: 0.7m forward,3.0233943462371826,57,-57,0.19100883333825944,-0.19100883333825944,0.4510675532162704
Test 7: 0.7m forward,3.0745041370391846,57,-57,0.19100883333825944,-0.19100883333825944,0.4608299747295233
Test 7: 0.7m forward,3.1256067752838135,57,-58,0.19100883333825944,-0.19435986550208856,0.47067665333334413
Test 7: 0.7m forward,3.176710605621338,57,-58,0.19100883333825944,-0.19435986550208856,0.48052356163480897
Test 7: 0.7m forward,3.2278127670288086,59,-59,0.19771089766591765,-0.19771089766591765,0.49062701583934865
Test 7: 0.7m forward,3.2789156436920166,59,-59,0.19771089766591765,-0.19771089766591765,0.5007306114577422
Test 7: 0.7m forward,3.330019474029541,60,-61,0.20106192982974677,-0.20441296199357586,0.5110912714966748
Test 7: 0.7m forward,3.3811287879943848,60,-61,0.20106192982974677,-0.20441296199357586,0.5214530432722044
Test 7: 0.7m forward,3.4322397708892822,61,-62,0.20441296199357586,-0.207763994157405,0.5319864279499563
Test 7: 0.7m forward,3.4833531379699707,61,-62,0.20441296199357586,-0.207763994157405,0.5425203039809293
Test 7: 0.7m forward,3.5344836711883545,63,-63,0.2111150263212341,-0.2111150263212341,0.5533147278471472
Test 7: 0.7m forward,3.585590124130249,63,-63,0.2111150263212341,-0.2111150263212341,0.5641040680051602
Test 7: 0.7m forward,3.6366915702819824,63,-63,0.2111150263212341,-0.2111150263212341,0.5748923511545365
Test 7: 0.7m forward,3.6877923011779785,63,-63,0.2111150263212341,-0.2111150263212341,0.5856804833026791
Test 7: 0.7m forward,3.7388954162597656,64,-64,0.21446605848506323,-0.21446605848506323,0.5966403669705785
Test 7: 0.7m forward,3.7922534942626953,64,-64,0.21446605848506323,-0.21446605848506323,0.6080838636482054
Test 7: 0.7m forward,3.843352794647217,64,-64,0.21446605848506323,-0.21446605848506323,0.6190429291930181
Test 7: 0.7m forward,3.894456624984741,64,-64,0.21446605848506323,-0.21446605848506323,0.6300029662589963
Test 7: 0.7m forward,3.9455692768096924,64,-64,0.21446605848506323,-0.21446605848506323,0.640964895234613
Test 7: 0.7m forward,3.9966883659362793,64,-64,0.21446605848506323,-0.21446605848506323,0.6519282047929387
Test 7: 0.7m forward,4.047802686691284,64,-64,0.21446605848506323,-0.21446605848506323,0.6628904916974059
Test 7: 0.7m forward,4.098907232284546,64,-64,0.21446605848506323,-0.21446605848506323,0.6738506821614629
Test 7: 0.7m forward,4.151014566421509,64,-64,0.21446605848506323,-0.21446605848506323,0.6850259367319815
Test 7: 0.7m forward,4.202112197875977,65,-65,0.21781709064889232,-0.21781709064889232,0.696155874154443
Test 7: 0.7m forward,4.25321364402771,65,-65,0.21781709064889232,-0.21781709064889232,0.7072866424831646
Test 7: 0.7m forward,4.3043177127838135,64,-65,0.21446605848506323,-0.21781709064889232,0.718332356370888
Test 7: 0.7m forward,4.355432510375977,64,-65,0.21446605848506323,-0.21781709064889232,0.7293803892061305
Test 8: 0.8m forward,0.0500643253326416,0,0,0.0,0.0,0.0
Test 8: 0.8m forward,0.10353422164916992,0,0,0.0,0.0,0.0
Test 8: 0.8m forward,0.15465116500854492,0,0,0.0,0.0,0.0
Test 8: 0.8m forward,0.205763578414917,4,-3,0.013404128655316452,-0.01005309649148734,0.000599477694534891
Test 8: 0.8m forward,0.25688838958740234,4,-3,0.013404128655316452,-0.01005309649148734,0.0011991007976653004
Test 8: 0.8m forward,0.3079984188079834,11,-10,0.03686135380212024,-0.033510321638291124,0.002997449991695636
Test 8: 0.8m forward,0.3591036796569824,11,-10,0.03686135380212024,-0.033510321638291124,0.004795631406577296
Test 8: 0.8m forward,0.41020750999450684,20,-18,0.06702064327658225,-0.06031857894892403,0.008049392410539591
Test 8: 0.8m forward,0.46131253242492676,20,-18,0.06702064327658225,-0.06031857894892403,0.011303229314592954
Test 8: 0.8m forward,0.5124189853668213,29,-28,0.09717993275104428,-0.09382890058721516,0.01618412129083692
Test 8: 0.8m forward,0.5635228157043457,29,-28,0.09717993275104428,-0.09382890058721516,0.021064762796780365
Test 8: 0.8m forward,0.6146249771118164,38,-37,0.12733922222550628,-0.12398819006167718,0.027486449791191157
Test 8: 0.8m forward,0.6657352447509766,38,-37,0.12733922222550628,-0.12398819006167718,0.033909155444718904
Test 8: 0.8m forward,0.716841459274292,46,-45,0.1541474795361392,-0.15079644737231007,0.04170142031780162
Test 8: 0.8m forward,0.7679462432861328,46,-45,0.1541474795361392,-0.15079644737231007,0.04949346707799106
Test 8: 0.8m forward,0.8194015026092529,53,-52,0.17760470468294298,-0.17425367251911386,0.05854594909996308
Test 8: 0.8m forward,0.8705856800079346,53,-52,0.17760470468294298,-0.17425367251911386,0.06755073989892424
Test 8: 0.8m forward,0.9217119216918945,58,-57,0.19435986550208856,-0.19100883333825944,0.07740196651609664
Test 8: 0.8m forward,0.9728178977966309,58,-57,0.19435986550208856,-0.19100883333825944,0.08724928827332072
Test 8: 0.8m forward,1.0257315635681152,58,-59,0.19435986550208856,-0.19771089766591765,0.09762223893384206
Test 8: 0.8m forward,1.076833724975586,58,-59,0.19435986550208856,-0.19771089766591765,0.10764007064512289
Test 8: 0.8m forward,1.1279473304748535,55,-56,0.1843067690106012,-0.18765780117443032,0.11714629579519406
Test 8: 0.8m forward,1.1790516376495361,55,-56,0.1843067690106012,-0.18765780117443032,0.12665079162161139
Test 8: 0.8m forward,1.2301547527313232,51,-51,0.17090264035528474,-0.17090264035528474,0.13538444891946877
Test 8: 0.8m forward,1.2812581062316895,51,-51,0.17090264035528474,-0.17090264035528474,0.14411814696369085
Test 8: 0.8m forward,1.3323614597320557,46,-46,0.1541474795361392,-0.1541474795361392,0.15199560010161664
Test 8: 0.8m forward,1.3834640979766846,46,-46,0.1541474795361392,-0.1541474795361392,0.1598729429846733
Test 8: 0.8m forward,1.4345676898956299,42,-43,0.14074335088082274,-0.14409438304465186,0.1671510586434956
Test 8: 0.8m forward,1.485670804977417,42,-43,0.14074335088082274,-0.14409438304465186,0.1744291063917101
Test 8: 0.8m forward,1.5367825031280518,41,-42,0.13739231871699362,-0.14074335088082274,0.18153709958641426
Test 8: 0.8m forward,1.587886095046997,41,-42,0.13739231871699362,-0.14074335088082274,0.18864396546502896
Test 8: 0.8m forward,1.638993263244629,42,-42,0.14074335088082274,-0.14074335088082274,0.1958369595711935
Test 8: 0.8m forward,1.6901094913482666,42,-42,0.14074335088082274,-0.14074335088082274,0.20303122879888794
Test 8: 0.8m forward,1.7412168979644775,44,-44,0.14744541520848095,-0.14744541520848095,0.21056678158764383
Test 8: 0.8m forward,1.7923214435577393,44,-44,0.14744541520848095,-0.14744541520848095,0.21810191253168304
Test 8: 0.8m forward,1.843432903289795,47,-48,0.1574985116999683,-0.16084954386379743,0.22623752944304587
Test 8: 0.8m forward,1.8945682048797607,47,-48,0.1574985116999683,-0.16084954386379743,0.23437694135896206
Test 8: 0.8m forward,1.9480395317077637,51,-52,0.17090264035528474,-0.17425367251911386,0.24360492436518977
Test 8: 0.8m forward,1.9991393089294434,51,-52,0.17090264035528474,-0.17425367251911386,0.25242362971245885
Test 8: 0.8m forward,2.0502426624298096,55,-56,0.1843067690106012,-0.18765780117443032,0.26192794817234755
Test 8: 0.8m forward,2.101351737976074,58,-59,0.19435986550208856,-0.19771089766591765,0.2719471352994652
Test 8: 0.8m forward,2.152473211288452,58,-59,0.19435986550208856,-0.19771089766591765,0.28196875282739364
Test 8: 0.8m forward,2.2035815715789795,60,-60,0.20106192982974677,-0.20106192982974677,0.29224469837784106
Test 8: 0.8m forward,2.2546916007995605,60,-60,0.20106192982974677,-0.20106192982974677,0.30252097948658585
Test 8: 0.8m forward,2.3057992458343506,60,-60,0.20106192982974677,-0.20106192982974677,0.3127967812263344
Test 8: 0.8m forward,2.3569037914276123,60,-60,0.20106192982974677,-0.20106192982974677,0.3230719597863879
Test 8: 0.8m forward,2.408007860183716,59,-60,0.19771089766591765,-0.20106192982974677,0.33326141678359006
Test 8: 0.8m forward,2.459111213684082,59,-60,0.19771089766591765,-0.20106192982974677,0.3434507311685158
Test 8: 0.8m forward,2.5102181434631348,58,-59,0.19435986550208856,-0.19771089766591765,0.35346949764933927
Test 8: 0.8m forward,2.5613226890563965,58,-59,0.19435986550208856,-0.19771089766591765,0.3634877967453914
Test 8: 0.8m forward,2.6124253273010254,57,-58,0.19100883333825944,-0.19435986550208856,0.3733344753492122
Test 8: 0.8m forward,2.663526773452759,57,-58,0.19100883333825944,-0.19435986550208856,0.383180924255389
Test 8: 0.8m forward,2.7146317958831787,56,-57,0.18765780117443032,-0.19100883333825944,0.39285680768060033
Test 8: 0.8m forward,2.7657392024993896,56,-57,0.18765780117443032,-0.19100883333825944,0.4025331425116164
Test 8: 0.8m forward,2.8168461322784424,56,-56,0.18765780117443032,-0.18765780117443032,0.41212375657872946
Test 8: 0.8m forward,2.870206356048584,56,-56,0.18765780117443032,-0.18765780117443032,0.4221372188416098
Test 8: 0.8m forward,2.921306610107422,56,-56,0.18765780117443032,-0.18765780117443032,0.4317265801577461
Test 8: 0.8m forward,2.972409963607788,56,-56,0.18765780117443032,-0.18765780117443032,0.44131652310826447
Test 8: 0.8m forward,3.0235157012939453,57,-57,0.19100883333825944,-0.19100883333825944,0.45107817044058846
Test 8: 0.8m forward,3.0746216773986816,57,-57,0.19100883333825944,-0.19100883333825944,0.4608398633129671
Test 8: 0.8m forward,3.1257309913635254,58,-58,0.19435986550208856,-0.19435986550208856,0.47077346270107817
Test 8: 0.8m forward,3.176833152770996,58,-58,0.19435986550208856,-0.19435986550208856,0.4807056719191002
Test 8: 0.8m forward,3.227935791015625,59,-60,0.19771089766591765,-0.20106192982974677,0.49089484369174957
Test 8: 0.8m forward,3.279038429260254,59,-60,0.19771089766591765,-0.20106192982974677,0.501084015464399
Test 8: 0.8m forward,3.330141305923462,61,-61,0.20441296199357586,-0.20441296199357586,0.5115301058495176
Test 8: 0.8m forward,3.3812456130981445,61,-61,0.20441296199357586,-0.20441296199357586,0.521976488649724
Test 8: 0.8m forward,3.4323480129241943,62,-62,0.207763994157405,-0.207763994157405,0.5325937273486128
Test 8: 0.8m forward,3.4834625720977783,62,-62,0.207763994157405,-0.207763994157405,0.5432134923221116
Test 8: 0.8m forward,3.5346086025238037,63,-63,0.2111150263212341,-0.2111150263212341,0.5540111878817285
Test 8: 0.8m forward,3.5857129096984863,63,-63,0.2111150263212341,-0.2111150263212341,0.5648000750360401
Test 8: 0.8m forward,3.636815309524536,63,-63,0.2111150263212341,-0.2111150263212341,0.5755885595203949
Test 8: 0.8m forward,3.687917947769165,63,-63,0.2111150263212341,-0.2111150263212341,0.5863770943384943
Test 8: 0.8m forward,3.7390246391296387,63,-64,0.2111150263212341,-0.21446605848506323,0.5972521149135198
Test 8: 0.8m forward,3.7923367023468018,63,-64,0.2111150263212341,-0.21446605848506323,0.6085964177621309
Test 8: 0.8m forward,3.843435287475586,64,-64,0.21446605848506323,-0.21446605848506323,0.6195553299088647
Test 8: 0.8m forward,3.894538640975952,64,-64,0.21446605848506323,-0.21446605848506323,0.6305152647094572
Test 8: 0.8m forward,3.945641279220581,64,-64,0.21446605848506323,-0.21446605848506323,0.6414750461119708
Test 8: 0.8m forward,3.996750593185425,64,-64,0.21446605848506323,-0.21446605848506323,0.6524362592298865
Test 8: 0.8m forward,4.047857999801636,64,-64,0.21446605848506323,-0.21446605848506323,0.6633970632862587
Test 8: 0.8m forward,4.098967790603638,64,-64,0.21446605848506323,-0.21446605848506323,0.6743583786695602
Test 8: 0.8m forward,4.1510865688323975,64,-64,0.21446605848506323,-0.21446605848506323,0.6855360876093394
Test 8: 0.8m forward,4.202186822891235,65,-65,0.21781709064889232,-0.21781709064889232,0.6966665962798547
Test 8: 0.8m forward,4.253296136856079,65,-65,0.21781709064889232,-0.21781709064889232,0.7077990783527378
Test 8: 0.8m forward,4.30440878868103,65,-65,0.21781709064889232,-0.21781709064889232,0.7189322874685985
Test 8: 0.8m forward,4.3558669090271,65,-65,0.21781709064889232,-0.21781709064889232,0.7301407455326399
Test 8: 0.8m forward,4.40696907043457,65,-66,0.21781709064889232,-0.22116812281272147,0.741357292149544
Test 8: 0.8m forward,4.458072185516357,65,-66,0.21781709064889232,-0.22116812281272147,0.7525740480909099
Test 8: 0.8m forward,4.509174585342407,66,-66,0.22116812281272147,-0.22116812281272147,0.7638762699316625
Test 8: 0.8m forward,4.560279607772827,66,-66,0.22116812281272147,-0.22116812281272147,0.7751790718089004
Test 8: 0.8m forward,4.611382961273193,66,-66,0.22116812281272147,-0.22116812281272147,0.7864815045720114
Test 8: 0.8m forward,4.662487506866455,66,-66,0.22116812281272147,-0.22116812281272147,0.7977842009880702
Test 8: 0.8m forward,4.713595151901245,66,-66,0.22116812281272147,-0.22116812281272147,0.8090875829017936
Test 8: 0.8m forward,4.764707565307617,66,-66,0.22116812281272147,-0.22116812281272147,0.8203920194273087
